x_depart,tau_duration
0.0,335.0
125.0,335.0
201.66659,488.3334100000001
460.0,617.4999212500394
690.0,502.4997487501256
1107.50025125,502.49974875016744
1280.000165,559.999835000066
1610.0,494.0001056000422
1840.0,402.00016080006435
1897.9998392,402.0001608000536
2300.0,335.0
