x_depart,tau_duration
0.0,308.0
172.0,308.0
251.99992,468.00008
480.0,581.9999490000255
720.0,461.9997690001155
1218.000231,461.99976900015395
1398.000141,521.9998590000564
1680.0,465.60009024003614
1920.0,369.60014784005915
2030.39985216,369.6001478400493
2400.0,308.0
